{
  "generator-jhipster": {
    "applicationType": "monolith",
    "gitCompany": "",
    "baseName": "jhipsterSampleApplication",
    "packageName": "io.github.jhipster.application",
    "packageFolder": "io/github/jhipster/application",
    "serverPort": 8080,
    "serviceDiscoveryType": false,
    "authenticationType": "jwt",
    "uaaBaseName": "../uaa",
    "cacheProvider": "ehcache",
    "enableHibernateCache": true,
    "websocket": false,
    "databaseType": "sql",
    "devDatabaseType": "mysql",
    "prodDatabaseType": "mysql",
    "searchEngine": false,
    "enableSwaggerCodegen": false,
    "messageBroker": false,
    "buildTool": "maven",
    "useSass": false,
    "clientPackageManager": "npm",
    "testFrameworks": [],
    "enableTranslation": false,
    "nativeLanguage": "en",
    "languages": [
      "en"
    ],
    "clientFramework": "angularX",
    "jhiPrefix": "jhi",
    "jhipsterVersion": "5.8.2",
    "jwtSecretKey": "ZjI1MGQzM2M1OTVkZTU2NDk2Yjk0ZjNjYmUyMWIzZWQ5ZTQwYzJlZjZiNTQxZmNlZjEwNWViZWJmY2U1Y2EzNDNmZjUxNWRmYjI0OTMzNDk5ZGVkNTkyZjhjMThlMGVjYTk5NGZlZDRlZGVjYWY1ZjBlZTkwOTFhMzY2OWFjMDY=",
    "entitySuffix": "",
    "dtoSuffix": "DTO",
    "otherModules": []
  }
}